id,uuid,full_name,gender
1,29208cadebb6b1264c9d98db3d891c34,Garald Nisby,Male
2,2a242a371383f7dcac5d83baff07d776,Rowena Peirson,Female
3,fa298b8d6aee8ae3c0d9a36d60d954b8,Hirsch Wyldbore,Male
4,7ba219e95039c2fe3009429d6bd4a7ec,Smith Pablos,Male
5,9c9191d29a12572d6144a66c50d588ff,Griswold Croke,Male
6,32c696ec748bdd2aadab66a4061ee819,Melodie Bowra,Female
7,e47f4bad8797a50862b60d8ad9f9ad1c,Inge Gayle,Female
8,968ac499f5a9cbf1514e245d7a494b7a,Bernie Lingley,Male
9,b6b7d13317a44b277b4f580d655bdbbd,Josee Elsworth,Female
10,015b7cf4a777c4068179a3f52dc7a059,Payton Delmonti,Male
11,ede42edee26408842bf3add352b25be6,Fraser Cuddy,Male
12,6776600080e27d7dddf38da08049e099,Donny Nottingham,Male
13,275c599cf6ee156131e596a72e630369,Lind Ludy,Female
14,9f71228c4cce471abb170e5eabdffd2f,Raquela Lackmann,Female
15,31646acf18da2d02334e697192e3291e,Sean Scuse,Female
16,b1dc998eb2576d57db37ff39f6c66eed,Padraic Copley,Male
17,a18de0f2ba7233493dc3b0554eea6cad,Burl Szymanowski,Male
18,7830fed00477cb02d67739481f3e6aa9,Chiquia Gabbatiss,Female
19,63a98e690f178fd48927d40dd42b4724,Silvan Guyan,Male
20,e2142c2efae4125580c820e1b82f4a13,Valeda Cleatherow,Female
21,ed3e2fe735ef7663a9c385ad9685bdb2,Kali Ector,Female
22,94e3d146f172cffb4bad5225768bd7d1,Bertina O'Hallagan,Female
23,e5d3bf93c5116198a01a0aa1a75966bb,Flory Dawe,Female
24,bb12dc937f246be2a88723c61fbbefe6,Irita Pedrocchi,Female
25,e16bca594cf3601e1a104a7a45742512,Colet Eastment,Male
26,ee9a501b6dd81248ba44c642b671cd93,Emiline Bickardike,Female
27,851f0b8aa276549bb6b4df7dd8b034b6,Briano Showalter,Male
28,6e2c5bbccdd0c66d75b4c7c14052802e,Germaine Chapman,Male
29,fce893335ad505ffc3525f1b1820dfce,Cort Restieaux,Male
30,0375877274bc623a5df8c9ea2d917da4,Hilton Dudding,Male
31,86a7f3b65168c592da4783d029d45aff,Rafaela Somes,Female
32,5f1895d973eeac2ef88ac4d5f49c30f2,Gayleen Leel,Female
33,5d38636a3f37493c2235932dc0d38c7a,Harley Desorts,Female
34,f5b48ac40fae95673f94d3d167ad58d1,Georgie Jarmain,Male
35,ffba509924fcebac41cf7657d7866475,Elnora Langton,Female
36,342c878b0ec8250bec8387feba22af64,Kalli Sperrett,Female
37,868d114bdd5719089badbfeebe8136d0,Evanne Redferne,Female
38,d6d67b4b27181ea96913e2daed536dd4,Anselm Quye,Male
39,64a9911bf0ed16e180778d778af646df,Harman Annis,Male
40,519bf7116be4e01aad8cadb542c03315,Ryon Stillgoe,Male
41,af8e5e2b5d51a67a808f1cb15373c444,Stepha Pender,Female
42,09d5b4a639222085403b6aaf70490937,Andres Ambrogiotti,Male
43,1b7b5b4a152b3bedf35d5ba5fc6cf8c4,Giuseppe Mottershead,Male
44,67590a867d75055134f85bb4d6b1b3bb,Dusty Fox,Female
45,fadaf31c999f2a8bda0f7e929c813d7c,Vale Tant,Male
46,3a5f3dd51fb54c09ae59cb5ce6377fdc,Dayle Kebell,Female
47,ec7a797c838b24599525196a80625d82,Reiko Howett,Female
48,ee02aaacc68e52ab1c1dc05f308572d4,Hilton Buche,Male
49,9be315510b91df72ef5f0614f4c0c9f2,Helen-elizabeth Verling,Female
50,7bb00ce16bfefaaa7c8cdadce6998505,Gram Falkner,Male
51,e0bf5e13ad06940210d7e75de4b85c49,Rubia Kirkham,Female
52,fe9a47ba3f292e204bab077888875d4d,Geri Huntingford,Male
53,84f501b718424a120754f1416b909eef,Derward Pimlott,Male
54,e2624382e98776aab31f666b064eb0b0,Agnola O'Hara,Female
55,81b0eca3aa80c27e230f60662a31f890,Caryl Sutherland,Female
56,3bb4e31249abb47e666a6f15d75cf90b,Ariella Burgwin,Female
57,731fd2e220d3871af43a7babd958ad21,Averell Whaymand,Male
58,b17e88cf0adea1ef465ad53350fff66c,Kimberly Duns,Female
59,c9f8c6d81edc2b24f1f5599af44f2517,Marchelle Jorio,Female
60,6c1801c57648be228cc1ed8e3d611720,Philomena Braghini,Female
61,82f1ff782dbd5437dd9d183079f2a354,Sissie Peckitt,Female
62,25bc6428e45df2326fb483a7133dd649,Lev Alen,Male
63,870c7b0bce7aa3004578998d9d641c99,Carline Cornels,Female
64,99d0e60739b769af1a0de54b4d6dff89,Linn Rought,Male
65,6392f0d5dce2415a0057ee8533a48b4f,Jamie Hadcroft,Male
66,561c8c17d0bf35d3d476b618aad29cf6,Kelsi Stoves,Female
67,05a5b0d5d5d0d2c95439008e772a1884,Luke Coltan,Male
68,abd4c2cb02e2e5817f59e268ce8479bc,Carin Gooda,Female
69,3145f09ae3083506d2a35a91065f0087,Bat Pellamont,Male
70,38350f120a6ee664b40a0486dd960d7a,Eveline Beekman,Female
71,e7cb88595652db158f00532788692099,Garold Grumbridge,Male
72,c4ebb2fed5a207ea00285f9f2bc9ef17,Ashlen Ocklin,Female
73,e4a80fc4a25a98d5485c9d1027f30258,Dirk Strephan,Male
74,e9a3b512102933e0dc2b21f342ebebda,Tony Lorenzini,Male
75,fce73e1d57c2eba4a604b326963deee4,Jessee Tunniclisse,Male
76,ae4c59095a44a62063c8bce26abea5cc,Waylon Fulle,Male
77,1f9ac8e86d92cf64f58690719d45f4bb,Jakob Johananoff,Male
78,97e72dbc882818fea98195e1d65d0adf,Taber McIndrew,Male
79,ab803d5ae87f7aafa3409c9c08dd9df2,Kellen Sothern,Female
80,273481b30c66fe5675435f58e7197d94,Claudio Synder,Male
81,1eef384c5e9e965e8efbed0414e2f928,Dulcia Sheaf,Female
82,1825e3c895f0f2ff8e1f6e79de4f9036,Petra Tapin,Female
83,4c3be32ff844856d06b55e77455cb7e0,Stillmann Gehring,Male
84,01f4b13abd4bcbc508660053083a0ac9,Elliott Caras,Male
85,feb9fe9d369e32d6cccb23d0646cf6d9,Tiena Espadate,Female
86,fc093e8a139d033d76a8c64fbd0e7a16,Ulberto Dollman,Male
87,8d296089aff8ceb612dfec5f7afd8968,Merill Loughlan,Male
88,747a97dc10312b8784ed6828aa31fdb1,Kari Usherwood,Female
89,0fae498c13713ab1eed75a7a4bb3fe6b,Ardith Emm,Female
90,91282ce94ab1866a267859732053bfe1,Orsola Kleszinski,Female
91,cd2822612d977db21f461cda537c2685,Devina Brisseau,Female
92,aae9e37e0646816f8e5df69f9042321e,Chris Southerden,Male
93,26a754188cc5f7b068e002604ccffcbd,Mimi Beeching,Female
94,d87933be94acf4249512122a0beb646c,Ange Vidler,Female
95,ce70e810b6a5926da4630ed7e248a062,Barnabe Fenton,Male
96,17b2a416ae01f449b88393fc3ed7253e,Roanne Ravenshaw,Female
97,c10fb32d11a31cd39d662836c1fcb192,Winne Helks,Female
98,8d6a2ec2e3ea7c4629bf71fa4d7106f2,Chelsea Dusting,Female
99,e1bcc2f12ad116c7a9712e26d60e2b1b,Mellisa Rimmer,Female
100,4cbdb36817c4f57fa5278b170de4a141,Goran Lorroway,Male
